uniprotID	gene_name	wt_aa	mt_aa	position	clinvar_significance	pred_lr_m1	pred_rf_m1	pred_svr_m1	pred_lr_m2	pred_rf_m2	rank_lr_m1	rank_rf_m1	rank_svr_m1	rank_lr_m2	rank_rf_m2
EPS8_HUMAN	EPS8	T	A	132	Uncertain significance	0.473488361	0.375919578	0.155422139	0.480082152	0.377824882	0.80547	0.85923	0.57002	0.480992	0.598939
EPS8_HUMAN	EPS8	A	V	150	Uncertain significance	0.285634225	0.089441712	0.048858155	0.691136387	0.451255853	0.38849	0.05755	0.26949	0.706425	0.696271
EPS8_HUMAN	EPS8	K	M	193	Uncertain significance	0.46529008	0.116647385	-0.028465037	0.76887372	0.292824182	0.79394	0.14081	0.09548	0.883889	0.223308
EPS8_HUMAN	EPS8	P	A	216	Uncertain significance	0.517359364	0.456814705	0.09726865	0.541497849	0.432835876	0.85799	0.95229	0.41234	0.562658	0.679994
EPS8_HUMAN	EPS8	A	V	219	Uncertain significance	0.354262364	0.154596849	-0.000839007	0.795744631	0.694351446	0.57386	0.27079	0.14518	0.937437	0.998432
EPS8_HUMAN	EPS8	V	I	224	Uncertain significance	0.323813189	0.061468041	-0.084131553	0.567439135	0.32322567	0.49331	0.00895	0.03116	0.565016	0.407568
EPS8_HUMAN	EPS8	G	R	23	Uncertain significance	0.29788025	0.112913967	0.004175459	0.588348559	0.459027995	0.42303	0.12797	0.15624	0.574292	0.731334
EPS8_HUMAN	EPS8	A	T	238	Uncertain significance	0.409087036	0.153044127	0.012022578	0.610571192	0.710415562	0.69731	0.26556	0.17414	0.671991	0.998432
EPS8_HUMAN	EPS8	D	N	242	Uncertain significance	0.264993625	0.128461962	0.101599353	0.813701135	0.804337509	0.33188	0.18087	0.42476	0.951619	1.0
EPS8_HUMAN	EPS8	F	L	246	Uncertain significance	0.298746493	0.260836459	-0.007913869	0.590902249	0.286952082	0.42552	0.58767	0.13102	0.589482	0.223308
EPS8_HUMAN	EPS8	R	C	265	Uncertain significance	0.654899223	0.382035668	0.136573946	0.671737329	0.352738386	0.95656	0.8697	0.52263	0.704288	0.486054
EPS8_HUMAN	EPS8	D	N	269	Uncertain significance	0.181900511	0.087148931	0.004587865	0.741010101	0.482346359	0.12428	0.05188	0.15703	0.790547	0.792176
EPS8_HUMAN	EPS8	A	S	291	Uncertain significance	0.450445268	0.282590094	0.091043208	0.528211471	0.528224431	0.77119	0.64476	0.39408	0.562175	0.881244
EPS8_HUMAN	EPS8	G	S	306	Uncertain significance	0.354790144	0.239893324	0.102358887	0.512706839	0.371235031	0.57516	0.53098	0.42697	0.481232	0.579341
EPS8_HUMAN	EPS8	V	A	369	Uncertain significance	0.561056719	0.358708086	0.037427147	0.372226526	0.238091503	0.89912	0.82592	0.23772	0.25971	0.153518
EPS8_HUMAN	EPS8	A	T	418	Uncertain significance	0.387638826	0.156908407	0.003775347	0.592401009	0.71004245	0.65194	0.27879	0.15538	0.589482	0.998432
EPS8_HUMAN	EPS8	N	S	443	Uncertain significance	0.455812312	0.403366704	0.054815315	0.761100741	0.781203714	0.77975	0.90212	0.28657	0.883803	1.0
EPS8_HUMAN	EPS8	F	L	444	Uncertain significance	0.301240919	0.193518485	0.01943019	0.569334457	0.277281053	0.43251	0.39727	0.19141	0.569077	0.223079
EPS8_HUMAN	EPS8	H	Y	466	Uncertain significance	0.189538024	0.086514104	0.004328744	0.551484342	0.504500679	0.13902	0.05039	0.15656	0.562702	0.792203
EPS8_HUMAN	EPS8	L	F	528	Uncertain significance	0.210815597	0.074200535	-0.057658614	0.376277819	0.308954666	0.18689	0.02556	0.05548	0.25973	0.266344
EPS8_HUMAN	EPS8	D	G	586	Uncertain significance	0.501853186	0.454492881	0.269688276	0.916380569	0.67820071	0.84102	0.95089	0.77787	0.982397	0.998432
EPS8_HUMAN	EPS8	R	C	597	Uncertain significance	0.7313713	0.340426436	0.092060479	0.76345604	0.389562245	0.98181	0.78679	0.3971	0.883803	0.606583
EPS8_HUMAN	EPS8	R	S	597	Uncertain significance	0.800882586	0.336372695	0.115807956	0.726613079	0.405351159	0.99419	0.77774	0.46591	0.790547	0.639395
EPS8_HUMAN	EPS8	K	Q	608	Uncertain significance	0.46739859	0.523708948	0.534474408	0.385775549	0.093116895	0.79725	0.97788	0.94405	0.259737	0.00357
EPS8_HUMAN	EPS8	D	R	619	Uncertain significance	0.234669196	0.146061863	0.030098918	0.799930663	0.54567582	0.24827	0.24093	0.2182	0.937505	0.90523
EPS8_HUMAN	EPS8	T	S	620	Uncertain significance	0.542429485	0.409901218	0.069168915	0.660798817	0.491136461	0.8826	0.91069	0.32856	0.704225	0.792176
EPS8_HUMAN	EPS8	P	T	626	Uncertain significance	0.580598129	0.215720237	0.004142778	0.772915723	0.677604447	0.91415	0.46336	0.1561	0.912026	0.998432
EPS8_HUMAN	EPS8	N	Y	653	Uncertain significance	0.132459904	0.074708173	-0.03466461	0.786409485	0.547660226	0.05239	0.02625	0.08597	0.937437	0.90523
EPS8_HUMAN	EPS8	R	H	656	Uncertain significance	0.733315476	0.373883106	0.247266494	0.463065085	0.257142352	0.98224	0.85535	0.74727	0.434207	0.161137
EPS8_HUMAN	EPS8	R	H	66	Uncertain significance	0.704218403	0.328569648	0.469070135	0.519514971	0.284201478	0.97466	0.76011	0.92276	0.48845	0.223308
EPS8_HUMAN	EPS8	V	M	669	Uncertain significance	0.326213313	0.081971546	-0.074244449	0.58824295	0.453378309	0.49968	0.03987	0.03899	0.574292	0.731334
EPS8_HUMAN	EPS8	K	R	676	Uncertain significance	0.479829898	0.544084818	0.559541769	0.2121827	0.111073607	0.81388	0.98201	0.95075	0.068866	0.005935
EPS8_HUMAN	EPS8	Q	H	686	Uncertain significance	0.393141398	0.152101516	0.060032899	0.382985667	0.373761334	0.66436	0.26234	0.30149	0.259737	0.598895
EPS8_HUMAN	EPS8	R	W	702	Uncertain significance	0.236988052	0.164479721	-0.072795664	0.710999466	0.38363561	0.25442	0.30591	0.04008	0.750165	0.598945
EPS8_HUMAN	EPS8	T	I	726	Uncertain significance	0.336494183	0.129507367	0.042775308	0.882106254	0.647993297	0.52706	0.18438	0.25298	0.980732	0.9904
EPS8_HUMAN	EPS8	E	V	728	Uncertain significance	0.323311	0.078603	-0.005942	0.900807	0.71251	0.49184	0.03299	0.13497	0.980732	0.998432
EPS8_HUMAN	EPS8	D	V	729	Uncertain significance	0.28725532	0.099532171	0.136810724	0.976308282	0.595271675	0.39323	0.08546	0.52335	1.0	0.990223
EPS8_HUMAN	EPS8	T	M	732	Uncertain significance	0.24610366	0.092829024	-0.006020714	0.769235224	0.538577288	0.27967	0.06636	0.13481	0.883889	0.881268
EPS8_HUMAN	EPS8	M	V	81	Uncertain significance	0.379644236	0.234497797	0.173770354	0.569620264	0.348170517	0.63417	0.51662	0.6132	0.569077	0.486054
EPS8_HUMAN	EPS8	G	R	819	Uncertain significance	0.253749228	0.114777567	0.027263287	0.425547636	0.428962514	0.30054	0.13424	0.21081	0.32689	0.675037
